<?xml version="1.0" encoding="ISO-8859-1"?>

<?S100lineage source="S52Preslib4.0" format="S100Ed2" version="0.1" creationDate="2015-03-13"?>
<?S100Meta name="NEWOBJ01" exposition="new object"?>
<lineStyle>
   <intervalLength>17.3</intervalLength>
   <pen width="0.64">
      <color>CHMGD</color>
   </pen>
   <dash>
      <start>1.3</start>
      <length>3.1</length>
   </dash>
   <dash>
      <start>17.3</start>
      <length>-3.1</length>
   </dash>
   <dash>
      <start>13.1</start>
      <length>-3.1</length>
   </dash>
   <symbol reference="EMNEWOB1">
      <position>7.1</position>
   </symbol>
</lineStyle>
