<?xml version="1.0" encoding="ISO-8859-1"?>

<?S100lineage source="S52Preslib4.0" format="S100Ed2" version="0.1" creationDate="2015-03-13"?>
<?S100Meta name="RCRTCL11" exposition="regulated two-way recommended route centreline, not based on fixed marks"?>
<lineStyle>
   <intervalLength>24.1</intervalLength>
   <pen width="0.32">
      <color>TRFCD</color>
   </pen>
   <dash>
      <start>1</start>
      <length>3</length>
   </dash>
   <dash>
      <start>6</start>
      <length>3</length>
   </dash>
   <dash>
      <start>11</start>
      <length>3</length>
   </dash>
   <dash>
      <start>16</start>
      <length>3</length>
   </dash>
   <dash>
      <start>21</start>
      <length>3</length>
   </dash>
   <symbol reference="EMRCRTC1">
      <position>5.5</position>
   </symbol>
   <symbol reference="EMRCRTC2">
      <position>11.5</position>
   </symbol>
</lineStyle>
